sample,norm
1000,25.709920264364882
2000,26.1725046566048
3000,21.6794833886788
4000,19.595917942265423
5000,15.811388300841896
6000,17.175564037317667
7000,17.406895185529212
8000,14.66287829861518
9000,14.7648230602334
10000,14.628738838327793
11000,11.832159566199232
12000,13.228756555322953
13000,13.416407864998739
14000,13.711309200802088
15000,13.114877048604
16000,11.0
17000,11.045361017187261
18000,10.44030650891055
19000,12.288205727444508
20000,10.535653752852738
21000,10.63014581273465
22000,11.40175425099138
23000,11.832159566199232
24000,11.224972160321824
25000,9.16515138991168
26000,10.535653752852738
27000,9.219544457292887
28000,8.48528137423857
29000,8.94427190999916
30000,9.327379053088816
31000,9.327379053088816
32000,9.055385138137417
33000,9.16515138991168
34000,10.099504938362077
35000,7.280109889280518
36000,8.48528137423857
37000,7.810249675906654
38000,7.280109889280518
39000,8.18535277187245
40000,8.18535277187245
41000,6.708203932499369
42000,8.426149773176359
43000,7.14142842854285
44000,7.745966692414834
45000,8.18535277187245
46000,9.0
47000,8.0
48000,5.477225575051661
49000,7.615773105863909
50000,6.244997998398398
51000,7.0
52000,6.557438524302
53000,8.12403840463596
54000,7.416198487095663
55000,7.0
56000,7.14142842854285
57000,7.416198487095663
58000,7.681145747868608
59000,7.54983443527075
60000,6.928203230275509
61000,8.366600265340756
62000,7.0
63000,7.874007874011811
64000,6.082762530298219
65000,5.656854249492381
66000,6.324555320336759
67000,6.557438524302
68000,6.4031242374328485
69000,7.280109889280518
70000,5.385164807134504
71000,8.12403840463596
72000,8.06225774829855
73000,7.745966692414834
74000,5.291502622129181
75000,6.0
76000,6.244997998398398
77000,6.48074069840786
78000,6.782329983125268
79000,7.0
80000,5.291502622129181
81000,5.0990195135927845
82000,5.656854249492381
83000,6.782329983125268
84000,7.3484692283495345
85000,6.855654600401044
86000,4.358898943540674
87000,3.7416573867739413
88000,5.0990195135927845
89000,4.123105625617661
90000,6.164414002968976
91000,6.324555320336759
92000,7.0
93000,6.164414002968976
94000,6.244997998398398
95000,6.928203230275509
96000,6.708203932499369
97000,5.916079783099616
98000,4.69041575982343
99000,5.477225575051661
100000,5.385164807134504
101000,4.795831523312719
102000,4.898979485566356
103000,5.744562646538029
104000,5.830951894845301
105000,5.5677643628300215
106000,4.898979485566356
107000,5.5677643628300215
108000,5.291502622129181
109000,5.656854249492381
110000,3.605551275463989
111000,5.0990195135927845
112000,5.744562646538029
113000,5.291502622129181
114000,6.164414002968976
115000,4.795831523312719
116000,5.744562646538029
117000,5.477225575051661
118000,6.324555320336759
119000,4.58257569495584
120000,5.196152422706632
121000,3.4641016151377544
122000,4.898979485566356
123000,4.358898943540674
124000,3.3166247903554
125000,3.605551275463989
126000,3.0
127000,5.477225575051661
128000,4.69041575982343
129000,5.196152422706632
130000,3.4641016151377544
131000,5.5677643628300215
132000,5.656854249492381
133000,3.3166247903554
134000,4.358898943540674
135000,4.358898943540674
136000,5.196152422706632
137000,4.47213595499958
138000,3.1622776601683795
139000,4.69041575982343
140000,4.242640687119285
141000,5.916079783099616
142000,4.898979485566356
143000,5.291502622129181
144000,5.0
145000,5.5677643628300215
146000,5.0990195135927845
147000,2.8284271247461903
148000,3.3166247903554
149000,4.47213595499958
150000,4.795831523312719
151000,4.0
152000,4.69041575982343
153000,3.1622776601683795
154000,3.4641016151377544
155000,4.898979485566356
156000,6.244997998398398
157000,5.0990195135927845
158000,4.47213595499958
159000,3.1622776601683795
160000,4.358898943540674
161000,4.58257569495584
162000,5.0990195135927845
163000,5.830951894845301
164000,4.0
165000,3.7416573867739413
166000,5.0990195135927845
167000,4.242640687119285
168000,4.69041575982343
169000,3.605551275463989
170000,4.123105625617661
171000,5.0
172000,4.123105625617661
173000,3.605551275463989
174000,4.0
175000,2.8284271247461903
176000,4.47213595499958
177000,3.605551275463989
178000,3.872983346207417
179000,4.47213595499958
180000,4.47213595499958
181000,3.3166247903554
182000,4.242640687119285
183000,2.8284271247461903
184000,3.0
185000,3.4641016151377544
186000,3.4641016151377544
187000,3.4641016151377544
188000,2.6457513110645907
189000,3.4641016151377544
190000,4.0
191000,2.8284271247461903
192000,3.0
193000,3.872983346207417
194000,4.795831523312719
195000,4.0
196000,5.0
197000,2.8284271247461903
198000,2.6457513110645907
199000,2.449489742783178
200000,3.0
201000,4.58257569495584
202000,3.872983346207417
203000,3.7416573867739413
204000,3.0
205000,3.7416573867739413
206000,3.4641016151377544
207000,3.872983346207417
208000,4.358898943540674
209000,3.1622776601683795
210000,2.6457513110645907
211000,2.0
212000,3.7416573867739413
213000,4.0
214000,3.1622776601683795
215000,4.58257569495584
216000,5.291502622129181
217000,4.0
218000,4.69041575982343
219000,3.7416573867739413
220000,4.242640687119285
221000,4.69041575982343
222000,3.4641016151377544
223000,3.1622776601683795
224000,3.7416573867739413
225000,4.58257569495584
226000,4.123105625617661
227000,4.0
228000,4.123105625617661
229000,4.358898943540674
230000,3.872983346207417
231000,4.47213595499958
232000,3.7416573867739413
233000,3.1622776601683795
234000,4.0
235000,4.242640687119285
236000,3.1622776601683795
237000,3.4641016151377544
238000,1.7320508075688772
239000,4.69041575982343
240000,4.898979485566356
241000,4.123105625617661
242000,3.4641016151377544
243000,5.291502622129181
244000,4.123105625617661
245000,2.6457513110645907
246000,3.1622776601683795
247000,2.6457513110645907
248000,3.1622776601683795
249000,2.449489742783178
250000,2.449489742783178
251000,3.3166247903554
252000,2.0
253000,3.3166247903554
254000,4.0
255000,3.4641016151377544
256000,3.1622776601683795
257000,2.6457513110645907
258000,2.6457513110645907
259000,3.605551275463989
260000,3.3166247903554
261000,3.4641016151377544
262000,3.872983346207417
263000,2.449489742783178
264000,2.8284271247461903
265000,3.605551275463989
266000,4.242640687119285
267000,2.23606797749979
268000,4.123105625617661
269000,3.605551275463989
270000,3.4641016151377544
271000,3.7416573867739413
272000,3.3166247903554
273000,4.358898943540674
274000,2.449489742783178
275000,4.123105625617661
276000,3.3166247903554
277000,3.605551275463989
278000,4.123105625617661
279000,5.291502622129181
280000,2.449489742783178
281000,4.0
282000,2.6457513110645907
283000,2.6457513110645907
284000,3.3166247903554
285000,3.605551275463989
286000,5.0990195135927845
287000,2.0
288000,4.242640687119285
289000,3.872983346207417
290000,2.8284271247461903
291000,1.0
292000,3.0
293000,1.7320508075688772
294000,2.449489742783178
295000,4.123105625617661
296000,2.6457513110645907
297000,3.0
298000,4.0
299000,2.8284271247461903
300000,2.0
301000,2.6457513110645907
302000,3.3166247903554
303000,2.8284271247461903
304000,4.0
305000,2.6457513110645907
306000,3.605551275463989
307000,0.0
308000,3.1622776601683795
309000,2.8284271247461903
310000,3.4641016151377544
311000,3.0
312000,3.1622776601683795
313000,4.0
314000,1.7320508075688772
315000,4.358898943540674
316000,3.872983346207417
317000,2.449489742783178
318000,4.123105625617661
319000,2.449489742783178
320000,2.449489742783178
321000,4.358898943540674
322000,3.3166247903554
323000,3.605551275463989
324000,3.605551275463989
325000,2.23606797749979
326000,3.7416573867739413
327000,4.69041575982343
328000,3.0
329000,3.0
330000,3.1622776601683795
331000,3.4641016151377544
332000,4.0
333000,3.1622776601683795
334000,3.7416573867739413
335000,3.4641016151377544
336000,0.0
337000,2.6457513110645907
338000,3.3166247903554
339000,3.7416573867739413
340000,3.605551275463989
341000,3.872983346207417
342000,2.8284271247461903
343000,3.4641016151377544
344000,2.449489742783178
345000,3.0
346000,0.0
347000,1.7320508075688772
348000,4.123105625617661
349000,2.0
350000,2.6457513110645907
351000,2.0
352000,2.6457513110645907
353000,3.3166247903554
354000,3.4641016151377544
355000,1.7320508075688772
356000,3.4641016151377544
357000,3.3166247903554
358000,2.8284271247461903
359000,2.449489742783178
360000,3.7416573867739413
361000,4.0
362000,3.3166247903554
363000,1.4142135623730951
364000,3.7416573867739413
365000,3.0
366000,2.8284271247461903
367000,1.7320508075688772
368000,2.8284271247461903
369000,3.7416573867739413
370000,2.449489742783178
371000,2.8284271247461903
372000,1.4142135623730951
373000,4.242640687119285
374000,3.1622776601683795
375000,2.8284271247461903
376000,3.605551275463989
377000,1.7320508075688772
378000,3.0
379000,1.0
380000,3.0
381000,2.8284271247461903
382000,1.4142135623730951
383000,3.1622776601683795
384000,0.0
385000,2.6457513110645907
386000,3.4641016151377544
387000,3.0
388000,4.0
389000,2.23606797749979
390000,2.23606797749979
391000,3.605551275463989
392000,2.6457513110645907
393000,1.4142135623730951
394000,2.8284271247461903
395000,3.0
396000,1.0
397000,0.0
398000,3.605551275463989
399000,2.449489742783178
400000,1.7320508075688772
401000,2.23606797749979
402000,2.449489742783178
403000,2.6457513110645907
404000,3.0
405000,3.7416573867739413
406000,3.3166247903554
407000,0.0
408000,1.7320508075688772
409000,3.1622776601683795
410000,3.605551275463989
411000,3.872983346207417
412000,2.449489742783178
413000,3.3166247903554
414000,3.3166247903554
415000,3.872983346207417
416000,3.4641016151377544
417000,2.23606797749979
418000,3.7416573867739413
419000,2.23606797749979
420000,2.23606797749979
421000,2.23606797749979
422000,2.0
423000,2.8284271247461903
424000,3.3166247903554
425000,2.6457513110645907
426000,1.4142135623730951
427000,3.605551275463989
428000,2.0
429000,2.6457513110645907
430000,1.4142135623730951
431000,2.8284271247461903
432000,3.3166247903554
433000,1.7320508075688772
434000,3.605551275463989
435000,3.1622776601683795
436000,2.23606797749979
437000,3.1622776601683795
438000,2.6457513110645907
439000,3.7416573867739413
440000,2.23606797749979
441000,2.0
442000,2.0
443000,1.0
444000,2.8284271247461903
445000,2.6457513110645907
446000,0.0
447000,3.0
448000,3.605551275463989
449000,0.0
450000,2.6457513110645907
451000,3.3166247903554
452000,2.6457513110645907
453000,0.0
454000,3.605551275463989
455000,4.795831523312719
456000,3.4641016151377544
457000,2.0
458000,2.449489742783178
459000,2.449489742783178
460000,1.7320508075688772
461000,2.23606797749979
462000,1.7320508075688772
463000,1.4142135623730951
464000,2.449489742783178
465000,3.1622776601683795
466000,3.3166247903554
467000,1.7320508075688772
468000,2.0
469000,2.6457513110645907
470000,2.23606797749979
471000,3.605551275463989
472000,3.0
473000,2.449489742783178
474000,2.23606797749979
475000,1.0
476000,0.0
477000,3.1622776601683795
478000,2.6457513110645907
479000,3.4641016151377544
480000,1.7320508075688772
481000,2.449489742783178
482000,1.4142135623730951
483000,3.0
484000,4.123105625617661
485000,1.7320508075688772
486000,2.0
487000,3.605551275463989
488000,2.8284271247461903
489000,4.0
490000,0.0
491000,4.358898943540674
492000,4.358898943540674
493000,4.242640687119285
494000,4.58257569495584
495000,3.872983346207417
496000,3.3166247903554
497000,1.7320508075688772
498000,1.4142135623730951
499000,2.6457513110645907
500000,2.8284271247461903
501000,2.6457513110645907
502000,2.6457513110645907
503000,2.449489742783178
504000,3.1622776601683795
505000,2.23606797749979
506000,3.0
507000,3.0
508000,2.6457513110645907
509000,2.8284271247461903
510000,2.0
511000,2.23606797749979
512000,4.0
513000,0.0
514000,0.0
515000,3.1622776601683795
516000,1.0
517000,2.23606797749979
518000,3.0
519000,2.0
520000,3.1622776601683795
521000,2.0
522000,2.23606797749979
523000,1.4142135623730951
524000,2.0
525000,3.0
526000,2.23606797749979
527000,0.0
528000,0.0
529000,3.605551275463989
530000,3.0
531000,3.4641016151377544
532000,2.6457513110645907
533000,3.7416573867739413
534000,0.0
535000,2.6457513110645907
536000,2.23606797749979
537000,0.0
538000,1.4142135623730951
539000,3.605551275463989
540000,2.23606797749979
541000,3.7416573867739413
542000,3.1622776601683795
543000,1.0
544000,2.6457513110645907
545000,3.7416573867739413
546000,2.449489742783178
547000,2.0
548000,2.6457513110645907
549000,3.3166247903554
550000,3.872983346207417
551000,1.7320508075688772
552000,3.1622776601683795
553000,2.23606797749979
554000,2.0
555000,1.7320508075688772
556000,2.8284271247461903
557000,3.7416573867739413
558000,0.0
559000,3.0
560000,3.872983346207417
561000,4.123105625617661
562000,3.605551275463989
563000,2.6457513110645907
564000,1.4142135623730951
565000,3.4641016151377544
566000,3.605551275463989
567000,3.4641016151377544
568000,2.23606797749979
569000,1.7320508075688772
570000,2.23606797749979
571000,2.449489742783178
572000,2.6457513110645907
573000,1.7320508075688772
574000,1.0
575000,2.449489742783178
576000,2.8284271247461903
577000,0.0
578000,2.449489742783178
579000,2.6457513110645907
580000,2.8284271247461903
581000,1.4142135623730951
582000,1.0
583000,0.0
584000,2.0
585000,2.449489742783178
586000,0.0
587000,2.8284271247461903
588000,2.6457513110645907
589000,2.449489742783178
590000,2.8284271247461903
591000,2.449489742783178
592000,3.0
593000,0.0
594000,0.0
595000,2.0
596000,2.0
597000,4.123105625617661
598000,3.1622776601683795
599000,2.8284271247461903
600000,3.3166247903554
601000,2.23606797749979
602000,2.8284271247461903
603000,0.0
604000,1.4142135623730951
605000,1.0
606000,2.8284271247461903
607000,2.6457513110645907
608000,3.7416573867739413
609000,1.0
610000,2.449489742783178
611000,2.0
612000,2.0
613000,2.6457513110645907
614000,1.0
615000,1.0
616000,1.4142135623730951
617000,1.4142135623730951
618000,2.23606797749979
619000,3.3166247903554
620000,0.0
621000,3.0
622000,2.23606797749979
623000,1.7320508075688772
624000,2.0
625000,2.23606797749979
626000,3.0
627000,2.6457513110645907
628000,2.0
629000,2.0
630000,2.0
631000,2.6457513110645907
632000,1.4142135623730951
633000,1.4142135623730951
634000,2.0
635000,1.0
636000,2.449489742783178
637000,2.6457513110645907
638000,2.23606797749979
639000,1.7320508075688772
640000,2.8284271247461903
641000,2.449489742783178
642000,0.0
643000,0.0
644000,2.449489742783178
645000,1.4142135623730951
646000,2.23606797749979
647000,2.8284271247461903
648000,4.0
649000,2.23606797749979
650000,3.7416573867739413
651000,1.7320508075688772
652000,1.7320508075688772
653000,2.0
654000,1.7320508075688772
655000,3.0
656000,3.1622776601683795
657000,2.8284271247461903
658000,2.449489742783178
659000,3.872983346207417
660000,2.23606797749979
661000,2.449489742783178
662000,1.0
663000,3.0
664000,2.449489742783178
665000,2.6457513110645907
666000,1.7320508075688772
667000,2.23606797749979
668000,1.4142135623730951
669000,3.1622776601683795
670000,2.23606797749979
671000,3.0
672000,2.6457513110645907
673000,3.3166247903554
674000,0.0
675000,1.7320508075688772
676000,2.23606797749979
677000,2.23606797749979
678000,0.0
679000,3.3166247903554
680000,2.0
681000,2.449489742783178
682000,2.0
683000,0.0
684000,2.6457513110645907
685000,2.0
686000,2.0
687000,1.7320508075688772
688000,2.6457513110645907
689000,2.0
690000,1.7320508075688772
691000,1.4142135623730951
692000,2.0
693000,3.3166247903554
694000,2.6457513110645907
695000,2.0
696000,2.6457513110645907
697000,2.8284271247461903
698000,2.0
699000,1.4142135623730951
700000,2.8284271247461903
701000,2.8284271247461903
702000,2.8284271247461903
703000,2.449489742783178
704000,2.8284271247461903
705000,0.0
706000,2.449489742783178
707000,2.0
708000,2.23606797749979
709000,2.0
710000,1.7320508075688772
711000,2.449489742783178
712000,1.4142135623730951
713000,2.449489742783178
714000,2.449489742783178
715000,1.0
716000,2.6457513110645907
717000,0.0
718000,0.0
719000,2.449489742783178
720000,0.0
721000,1.7320508075688772
722000,2.0
723000,2.0
724000,2.8284271247461903
725000,0.0
726000,0.0
727000,0.0
728000,2.0
729000,3.4641016151377544
730000,2.8284271247461903
731000,1.7320508075688772
732000,1.7320508075688772
733000,2.6457513110645907
734000,0.0
735000,2.449489742783178
736000,1.7320508075688772
737000,1.0
738000,2.6457513110645907
739000,2.449489742783178
740000,2.23606797749979
741000,1.4142135623730951
742000,0.0
743000,2.23606797749979
744000,2.449489742783178
745000,2.449489742783178
746000,2.0
747000,1.4142135623730951
748000,1.4142135623730951
749000,2.449489742783178
750000,1.4142135623730951
751000,0.0
752000,0.0
753000,2.23606797749979
754000,2.6457513110645907
755000,0.0
756000,0.0
757000,1.0
758000,0.0
759000,1.7320508075688772
760000,1.7320508075688772
761000,2.0
762000,0.0
763000,0.0
764000,0.0
765000,0.0
766000,2.0
767000,1.7320508075688772
768000,0.0
769000,2.8284271247461903
770000,2.0
771000,0.0
772000,1.7320508075688772
773000,0.0
774000,0.0
775000,3.3166247903554
776000,1.7320508075688772
777000,0.0
778000,2.8284271247461903
779000,2.0
780000,2.6457513110645907
781000,0.0
782000,2.0
783000,0.0
784000,0.0
785000,0.0
786000,0.0
787000,0.0
788000,0.0
789000,0.0
790000,0.0
791000,2.0
792000,1.4142135623730951
793000,0.0
794000,2.23606797749979
795000,0.0
796000,2.0
797000,1.7320508075688772
798000,2.8284271247461903
799000,2.449489742783178
800000,2.0
801000,0.0
802000,1.4142135623730951
803000,1.4142135623730951
804000,1.4142135623730951
805000,1.4142135623730951
806000,1.4142135623730951
807000,0.0
808000,1.4142135623730951
809000,1.4142135623730951
810000,2.8284271247461903
811000,0.0
812000,0.0
813000,2.0
814000,0.0
815000,2.0
816000,3.3166247903554
817000,2.8284271247461903
818000,2.6457513110645907
819000,1.4142135623730951
820000,2.0
821000,2.0
822000,0.0
823000,2.449489742783178
824000,2.0
825000,0.0
826000,2.23606797749979
827000,0.0
828000,1.7320508075688772
829000,0.0
830000,1.4142135623730951
831000,1.4142135623730951
832000,1.4142135623730951
833000,0.0
834000,2.6457513110645907
835000,3.0
836000,0.0
837000,3.1622776601683795
838000,0.0
839000,2.449489742783178
840000,3.0
841000,3.0
842000,3.4641016151377544
843000,2.449489742783178
844000,1.7320508075688772
845000,2.8284271247461903
846000,2.449489742783178
847000,3.605551275463989
848000,3.605551275463989
849000,2.23606797749979
850000,2.23606797749979
851000,2.23606797749979
852000,1.7320508075688772
853000,2.449489742783178
854000,2.0
855000,3.605551275463989
856000,1.7320508075688772
857000,2.0
858000,1.0
859000,1.4142135623730951
860000,1.7320508075688772
861000,2.449489742783178
862000,3.0
863000,2.449489742783178
864000,2.6457513110645907
865000,1.0
866000,3.0
867000,0.0
868000,0.0
869000,1.7320508075688772
870000,1.7320508075688772
871000,1.0
872000,2.0
873000,1.7320508075688772
874000,1.7320508075688772
875000,2.0
876000,1.7320508075688772
877000,1.7320508075688772
878000,1.0
879000,2.0
880000,0.0
881000,2.23606797749979
882000,0.0
883000,1.7320508075688772
884000,1.7320508075688772
885000,2.6457513110645907
886000,1.7320508075688772
887000,1.7320508075688772
888000,2.23606797749979
889000,0.0
890000,1.0
891000,1.7320508075688772
892000,2.8284271247461903
893000,3.605551275463989
894000,1.7320508075688772
895000,0.0
896000,1.4142135623730951
897000,0.0
898000,0.0
899000,0.0
900000,0.0
901000,0.0
902000,1.4142135623730951
903000,2.449489742783178
904000,2.6457513110645907
905000,0.0
906000,2.449489742783178
907000,0.0
908000,1.0
909000,3.1622776601683795
910000,2.23606797749979
911000,1.0
912000,0.0
913000,1.7320508075688772
914000,1.7320508075688772
915000,0.0
916000,2.23606797749979
917000,2.23606797749979
918000,3.872983346207417
919000,3.605551275463989
920000,2.0
921000,3.0
922000,2.0
923000,0.0
924000,1.4142135623730951
925000,3.0
926000,0.0
927000,2.449489742783178
928000,2.449489742783178
929000,0.0
930000,0.0
931000,2.0
932000,2.6457513110645907
933000,3.3166247903554
934000,3.3166247903554
935000,1.7320508075688772
936000,1.0
937000,0.0
938000,2.6457513110645907
939000,0.0
940000,2.6457513110645907
941000,0.0
942000,0.0
943000,0.0
944000,2.449489742783178
945000,0.0
946000,0.0
947000,4.0
948000,0.0
949000,2.23606797749979
950000,2.23606797749979
951000,3.1622776601683795
952000,3.4641016151377544
953000,1.7320508075688772
954000,0.0
955000,2.0
956000,2.8284271247461903
957000,0.0
958000,0.0
959000,2.6457513110645907
960000,1.7320508075688772
961000,0.0
962000,0.0
963000,1.4142135623730951
964000,1.4142135623730951
965000,1.4142135623730951
966000,1.7320508075688772
967000,2.6457513110645907
968000,2.449489742783178
969000,3.1622776601683795
970000,2.6457513110645907
971000,2.0
972000,0.0
973000,3.1622776601683795
974000,1.4142135623730951
975000,2.449489742783178
976000,1.4142135623730951
977000,1.4142135623730951
978000,1.4142135623730951
979000,2.23606797749979
980000,2.23606797749979
981000,2.449489742783178
982000,3.7416573867739413
983000,2.8284271247461903
984000,3.872983346207417
985000,1.4142135623730951
986000,3.1622776601683795
987000,0.0
988000,2.0
989000,2.0
990000,0.0
991000,2.6457513110645907
992000,2.0
993000,2.6457513110645907
994000,3.0
995000,1.7320508075688772
996000,4.242640687119285
997000,2.23606797749979
998000,2.6457513110645907
999000,2.23606797749979
1000000,4.0
